# Time (s),Altitude (m),Vertical velocity (m/s),Mach number (â€‹)
0,0,0,0.012
0.011,0,0.019,0.012
0.017,0,0.121,0.012
0.023,0.001,0.273,0.012
0.028,0.003,0.464,0.013
0.033,0.006,0.681,0.013
0.038,0.01,0.912,0.013
0.043,0.016,1.16,0.013
0.048,0.022,1.42,0.014
0.053,0.03,1.684,0.014
0.058,0.038,1.956,0.014
0.063,0.049,2.232,0.015
0.068,0.06,2.507,0.015
0.073,0.073,2.791,0.016
0.078,0.087,3.071,0.016
0.082,0.103,3.353,0.017
0.087,0.12,3.643,0.017
0.092,0.138,3.928,0.018
0.097,0.157,4.214,0.018
0.102,0.178,4.501,0.019
0.107,0.201,4.794,0.02
0.111,0.225,5.083,0.02
0.116,0.25,5.372,0.021
0.121,0.276,5.661,0.022
0.126,0.304,5.951,0.023
0.131,0.334,6.241,0.023
0.136,0.365,6.538,0.024
0.14,0.397,6.829,0.025
0.145,0.43,7.121,0.026
0.15,0.465,7.413,0.026
0.155,0.502,7.705,0.027
0.16,0.539,7.998,0.028
0.164,0.578,8.291,0.029
0.169,0.619,8.585,0.029
0.174,0.661,8.879,0.03
0.179,0.704,9.173,0.031
0.184,0.749,9.468,0.032
0.188,0.795,9.763,0.032
0.193,0.843,10.058,0.033
0.198,0.892,10.354,0.034
0.203,0.942,10.65,0.035
0.208,0.994,10.946,0.036
0.212,1.047,11.243,0.036
0.217,1.102,11.54,0.037
0.222,1.158,11.838,0.038
0.227,1.215,12.136,0.039
0.232,1.274,12.434,0.04
0.236,1.335,12.733,0.041
0.241,1.397,13.032,0.041
0.246,1.46,13.331,0.042
0.251,1.525,13.631,0.043
0.256,1.591,13.931,0.044
0.26,1.658,14.231,0.045
0.265,1.727,14.532,0.046
0.27,1.798,14.833,0.046
0.275,1.868,15.128,0.047
0.279,1.941,15.43,0.048
0.284,2.016,15.732,0.049
0.289,2.093,16.034,0.05
0.294,2.17,16.337,0.051
0.299,2.249,16.64,0.052
0.303,2.33,16.944,0.052
0.308,2.41,17.241,0.053
0.313,2.494,17.546,0.054
0.318,2.579,17.85,0.055
0.323,2.665,18.155,0.056
0.327,2.753,18.46,0.057
0.332,2.842,18.766,0.057
0.337,2.931,19.066,0.058
0.342,3.024,19.372,0.059
0.346,3.117,19.679,0.06
0.351,3.212,19.986,0.061
0.356,3.309,20.293,0.062
0.361,3.405,20.594,0.062
0.366,3.505,20.902,0.063
0.37,3.606,21.211,0.064
0.375,3.708,21.519,0.065
0.38,3.81,21.822,0.066
0.385,3.916,22.131,0.067
0.389,4.023,22.441,0.068
0.394,4.131,22.751,0.068
0.399,4.239,23.055,0.069
0.404,4.35,23.366,0.07
0.409,4.463,23.677,0.071
0.413,4.575,23.982,0.072
0.418,4.691,24.293,0.073
0.423,4.808,24.605,0.074
0.428,4.925,24.911,0.075
0.432,5.045,25.224,0.076
0.437,5.167,25.537,0.076
0.442,5.288,25.844,0.077
0.447,5.412,26.157,0.078
0.451,5.539,26.471,0.079
0.456,5.664,26.779,0.08
0.461,5.793,27.093,0.081
0.466,5.924,27.408,0.082
0.47,6.053,27.716,0.083
0.475,6.187,28.032,0.084
0.48,6.323,28.347,0.084
0.485,6.457,28.657,0.085
0.49,6.595,28.973,0.086
0.494,6.732,29.283,0.087
0.499,6.873,29.6,0.088
0.504,7.013,29.911,0.089
0.509,7.157,30.229,0.09
0.513,7.303,30.547,0.091
0.518,7.447,30.858,0.092
0.523,7.596,31.177,0.093
0.528,7.744,31.489,0.094
0.532,7.895,31.809,0.094
0.537,8.046,32.122,0.095
0.542,8.201,32.441,0.096
0.547,8.354,32.755,0.097
0.551,8.512,33.076,0.098
0.556,8.671,33.397,0.099
0.561,8.829,33.711,0.1
0.566,8.992,34.033,0.101
0.57,9.152,34.348,0.102
0.575,9.318,34.67,0.103
0.58,9.482,34.986,0.104
0.585,9.647,35.302,0.105
0.589,9.817,35.625,0.106
0.594,9.985,35.942,0.107
0.599,10.159,36.265,0.108
0.604,10.33,36.583,0.108
0.608,10.506,36.907,0.109
0.613,10.68,37.225,0.11
0.618,10.86,37.55,0.111
0.623,11.037,37.869,0.112
0.627,11.22,38.194,0.113
0.632,11.4,38.513,0.114
0.637,11.582,38.832,0.115
0.642,11.769,39.159,0.116
0.646,11.954,39.479,0.117
0.651,12.144,39.806,0.118
0.656,12.332,40.126,0.119
0.66,12.521,40.447,0.12
0.665,12.716,40.775,0.121
0.67,12.908,41.097,0.122
0.675,13.106,41.425,0.123
0.679,13.302,41.747,0.123
0.684,13.499,42.07,0.124
0.689,13.702,42.399,0.125
0.694,13.902,42.722,0.126
0.698,14.103,43.045,0.127
0.703,14.311,43.376,0.128
0.708,14.515,43.699,0.129
0.713,14.726,44.03,0.13
0.717,14.934,44.354,0.131
0.722,15.143,44.679,0.132
0.727,15.358,45.011,0.133
0.732,15.57,45.336,0.134
0.736,15.784,45.661,0.135
0.741,16,45.987,0.136
0.746,16.221,46.32,0.137
0.75,16.44,46.646,0.138
0.755,16.66,46.973,0.139
0.76,16.886,47.307,0.14
0.765,17.109,47.634,0.141
0.769,17.334,47.961,0.142
0.774,17.565,48.296,0.142
0.779,17.792,48.624,0.143
0.784,18.022,48.952,0.144
0.788,18.253,49.28,0.145
0.793,18.49,49.616,0.146
0.798,18.724,49.945,0.147
0.802,18.959,50.274,0.148
0.807,19.196,50.604,0.149
0.812,19.44,50.941,0.15
0.817,19.68,51.271,0.151
0.821,19.922,51.601,0.152
0.826,20.165,51.932,0.153
0.831,20.41,52.262,0.154
0.836,20.662,52.6,0.155
0.84,20.91,52.932,0.156
0.845,21.159,53.263,0.157
0.85,21.411,53.595,0.158
0.854,21.669,53.934,0.159
0.859,21.923,54.267,0.16
0.864,22.179,54.599,0.161
0.869,22.436,54.932,0.162
0.873,22.695,55.265,0.163
0.878,22.956,55.599,0.164
0.883,23.223,55.939,0.165
0.887,23.487,56.273,0.166
0.892,23.752,56.608,0.167
0.897,24.019,56.942,0.168
0.902,24.288,57.276,0.169
0.906,24.558,57.611,0.17
0.911,24.835,57.954,0.171
0.916,25.108,58.289,0.172
0.92,25.383,58.624,0.173
0.925,25.659,58.96,0.174
0.93,25.937,59.296,0.175
0.935,26.217,59.633,0.176
0.939,26.498,59.969,0.177
0.944,26.786,60.313,0.178
0.949,27.071,60.65,0.179
0.953,27.356,60.987,0.18
0.958,27.644,61.324,0.181
0.963,27.933,61.662,0.182
0.968,28.223,62,0.183
0.972,28.516,62.338,0.184
0.977,28.809,62.676,0.185
0.982,29.105,63.015,0.185
0.986,29.402,63.354,0.186
0.991,29.707,63.7,0.188
0.996,30.007,64.039,0.188
1.001,30.309,64.379,0.189
1.005,30.612,64.718,0.19
1.01,30.917,65.058,0.191
1.015,31.224,65.398,0.192
1.019,31.532,65.738,0.193
1.024,31.842,66.079,0.194
1.029,32.153,66.42,0.195
1.033,32.466,66.76,0.196
1.038,32.78,67.101,0.197
1.043,33.097,67.443,0.198
1.048,33.414,67.784,0.199
1.052,33.734,68.126,0.2
1.057,34.055,68.468,0.201
1.062,34.377,68.81,0.202
1.066,34.702,69.152,0.203
1.071,35.027,69.495,0.204
1.076,35.355,69.837,0.205
1.08,35.684,70.18,0.206
1.085,36.015,70.523,0.207
1.09,36.347,70.866,0.208
1.095,36.681,71.21,0.209
1.099,37.016,71.553,0.21
1.104,37.353,71.897,0.211
1.109,37.692,72.241,0.212
1.113,38.032,72.585,0.213
1.118,38.374,72.93,0.214
1.123,38.718,73.274,0.215
1.127,39.063,73.619,0.216
1.132,39.41,73.964,0.217
1.137,39.758,74.309,0.218
1.142,40.108,74.654,0.219
1.146,40.46,74.999,0.22
1.151,40.813,75.345,0.221
1.156,41.168,75.69,0.222
1.16,41.525,76.036,0.223
1.165,41.883,76.382,0.224
1.17,42.243,76.729,0.225
1.174,42.604,77.075,0.226
1.179,42.967,77.421,0.228
1.184,43.332,77.768,0.229
1.189,43.698,78.115,0.23
1.193,44.066,78.462,0.231
1.198,44.436,78.809,0.232
1.203,44.807,79.157,0.233
1.207,45.18,79.504,0.234
1.212,45.547,79.844,0.235
1.217,45.923,80.192,0.236
1.221,46.3,80.54,0.237
1.226,46.68,80.888,0.238
1.231,47.061,81.236,0.239
1.235,47.443,81.585,0.24
1.24,47.828,81.933,0.241
1.245,48.213,82.282,0.242
1.25,48.601,82.631,0.243
1.254,48.99,82.98,0.244
1.259,49.381,83.329,0.245
1.264,49.765,83.67,0.246
1.268,50.159,84.02,0.247
1.273,50.555,84.369,0.248
1.278,50.952,84.719,0.249
1.282,51.351,85.069,0.25
1.287,51.752,85.418,0.251
1.292,52.154,85.768,0.252
1.296,52.558,86.118,0.253
1.301,52.955,86.461,0.254
1.306,53.362,86.811,0.255
1.31,53.771,87.162,0.256
1.315,54.182,87.513,0.257
1.32,54.594,87.863,0.258
1.325,55.007,88.214,0.259
1.329,55.423,88.565,0.26
1.334,55.831,88.909,0.261
1.339,56.25,89.26,0.262
1.343,56.67,89.611,0.264
1.348,57.092,89.963,0.265
1.353,57.516,90.314,0.266
1.357,57.941,90.666,0.267
1.362,58.368,91.018,0.268
1.367,58.788,91.362,0.269
1.371,59.218,91.714,0.27
1.376,59.65,92.066,0.271
1.381,60.083,92.419,0.272
1.385,60.518,92.771,0.273
1.39,60.955,93.124,0.274
1.395,61.384,93.469,0.275
1.399,61.825,93.821,0.276
1.404,62.266,94.174,0.277
1.409,62.71,94.527,0.278
1.414,63.155,94.88,0.279
1.418,63.592,95.226,0.28
1.423,64.041,95.579,0.281
1.428,64.491,95.933,0.282
1.432,64.942,96.286,0.283
1.437,65.396,96.64,0.285
1.442,65.851,96.993,0.286
1.446,66.298,97.339,0.287
1.451,66.756,97.693,0.288
1.456,67.216,98.047,0.289
1.46,67.678,98.401,0.29
1.465,68.141,98.756,0.291
1.47,68.596,99.102,0.292
1.474,69.063,99.457,0.293
1.479,69.531,99.811,0.294
1.484,70.001,100.165,0.295
1.488,70.462,100.512,0.296
1.493,70.936,100.867,0.297
1.498,71.411,101.222,0.298
1.502,71.887,101.577,0.299
1.507,72.365,101.932,0.3
1.512,72.835,102.279,0.301
1.516,73.317,102.635,0.302
1.521,73.8,102.99,0.303
1.526,74.285,103.345,0.304
1.53,74.761,103.693,0.305
1.535,75.249,104.049,0.306
1.54,75.739,104.405,0.308
1.545,76.231,104.761,0.309
1.549,76.713,105.109,0.31
1.554,77.208,105.466,0.311
1.559,77.705,105.822,0.312
1.563,78.203,106.178,0.313
1.568,78.703,106.535,0.314
1.573,79.194,106.884,0.315
1.577,79.697,107.241,0.316
1.582,80.202,107.598,0.317
1.587,80.708,107.955,0.318
1.591,81.206,108.304,0.319
1.596,81.715,108.661,0.32
1.601,82.227,109.019,0.321
1.605,82.74,109.376,0.323
1.61,83.244,109.726,0.324
1.615,83.761,110.084,0.325
1.619,84.279,110.442,0.326
1.624,84.788,110.792,0.327
1.629,85.309,111.151,0.328
1.633,85.833,111.509,0.329
1.638,86.357,111.867,0.33
1.643,86.873,112.218,0.331
1.647,87.401,112.577,0.332
1.652,87.931,112.936,0.333
1.657,88.463,113.295,0.334
1.661,88.985,113.646,0.335
1.666,89.52,114.006,0.336
1.671,90.056,114.365,0.337
1.675,90.595,114.725,0.339
1.68,91.123,115.077,0.34
1.685,91.665,115.436,0.341
1.689,92.208,115.796,0.342
1.694,92.742,116.149,0.343
1.699,93.289,116.509,0.344
1.703,93.837,116.87,0.345
1.708,94.387,117.23,0.346
1.713,94.927,117.583,0.347
1.717,95.481,117.944,0.348
1.722,96.036,118.305,0.349
1.727,96.581,118.659,0.35
1.731,97.139,119.02,0.351
1.736,97.7,119.381,0.352
1.741,98.262,119.743,0.354
1.745,98.813,120.097,0.355
1.75,99.379,120.459,0.356
1.755,99.946,120.821,0.357
1.759,100.502,121.176,0.358
1.764,101.073,121.538,0.359
1.769,101.645,121.901,0.36
1.774,102.218,122.264,0.361
1.778,102.782,122.619,0.362
1.783,103.359,122.982,0.363
1.788,103.938,123.345,0.364
1.792,104.506,123.701,0.365
1.797,105.088,124.065,0.366
1.802,105.672,124.428,0.367
1.806,106.245,124.785,0.368
1.811,106.833,125.149,0.37
1.816,107.422,125.513,0.371
1.82,108.012,125.877,0.372
1.825,108.592,126.234,0.373
1.83,109.187,126.599,0.374
1.834,109.782,126.964,0.375
1.839,110.367,127.322,0.376
1.844,110.967,127.687,0.377
1.848,111.567,128.053,0.378
1.853,112.157,128.411,0.379
1.858,112.762,128.777,0.381
1.862,113.368,129.143,0.382
1.867,113.963,129.502,0.383
1.872,114.572,129.868,0.384
1.876,115.184,130.235,0.385
1.881,115.796,130.601,0.386
1.886,116.398,130.961,0.387
1.89,117.014,131.328,0.388
1.895,117.633,131.695,0.389
1.9,118.239,132.055,0.39
1.904,118.861,132.423,0.391
1.909,119.484,132.79,0.392
1.914,120.096,133.15,0.393
1.918,120.722,133.519,0.394
1.923,121.351,133.887,0.396
1.928,121.967,134.248,0.397
1.932,122.599,134.616,0.398
1.937,123.233,134.985,0.399
1.942,123.868,135.354,0.4
1.946,124.492,135.716,0.401
1.951,125.13,136.085,0.402
1.956,125.771,136.455,0.403
1.96,126.399,136.816,0.404
1.965,127.043,137.186,0.405
1.97,127.689,137.556,0.406
1.974,128.322,137.919,0.408
1.979,128.972,138.289,0.409
1.984,129.622,138.659,0.41
1.988,130.261,139.022,0.411
1.993,130.915,139.393,0.412
1.998,131.571,139.764,0.413
2.002,132.215,140.127,0.414
2.007,132.875,140.498,0.415
2.012,133.536,140.87,0.416
2.016,134.199,141.241,0.417
2.021,134.849,141.605,0.418
2.026,135.516,141.977,0.42
2.03,136.184,142.349,0.421
2.035,136.839,142.713,0.422
2.04,137.511,143.085,0.423
2.044,138.184,143.457,0.424
2.049,138.845,143.822,0.425
2.054,139.522,144.194,0.426
2.058,140.201,144.567,0.427
2.063,140.866,144.932,0.428
2.068,141.549,145.305,0.43
2.072,142.232,145.678,0.431
2.077,142.918,146.051,0.432
2.082,143.591,146.416,0.433
2.086,144.28,146.789,0.434
2.091,144.97,147.163,0.435
2.096,145.648,147.528,0.436
2.1,146.342,147.902,0.437
2.105,147.038,148.276,0.438
2.11,147.721,148.642,0.439
2.114,148.421,149.015,0.44
2.119,149.122,149.389,0.442
2.124,149.81,149.755,0.443
2.128,150.515,150.129,0.444
2.133,151.221,150.504,0.445
2.138,151.93,150.878,0.446
2.142,152.624,151.244,0.447
2.147,153.336,151.618,0.448
2.152,154.05,151.993,0.449
2.156,154.75,152.359,0.45
2.161,155.467,152.733,0.451
2.166,156.185,153.108,0.453
2.17,156.891,153.474,0.454
2.175,157.613,153.849,0.455
2.18,158.337,154.223,0.456
2.184,159.062,154.598,0.457
2.189,159.774,154.965,0.458
2.194,160.504,155.339,0.459
2.198,161.235,155.714,0.46
2.203,161.952,156.081,0.461
2.208,162.686,156.455,0.462
2.212,163.422,156.83,0.464
2.217,164.16,157.205,0.465
2.222,164.884,157.571,0.466
2.226,165.626,157.946,0.467
2.231,166.369,158.321,0.468
2.236,167.098,158.687,0.469
2.24,167.845,159.062,0.47
2.245,168.593,159.437,0.471
2.25,169.344,159.811,0.472
2.254,170.08,160.178,0.473
2.259,170.833,160.552,0.475
2.264,171.589,160.927,0.476
2.268,172.33,161.293,0.477
2.273,173.089,161.667,0.478
2.278,173.85,162.042,0.479
2.283,174.612,162.416,0.48
2.287,175.36,162.782,0.481
2.292,176.126,163.157,0.482
2.297,176.894,163.531,0.484
2.301,177.663,163.905,0.485
2.306,178.418,164.271,0.486
2.311,179.191,164.645,0.487
2.315,179.966,165.018,0.488
2.32,180.726,165.384,0.489
2.325,181.504,165.758,0.49
2.329,182.284,166.132,0.491
2.334,183.065,166.505,0.492
2.339,183.832,166.87,0.493
2.343,184.617,167.244,0.495
2.348,185.404,167.617,0.496
2.353,186.193,167.99,0.497
2.357,186.966,168.355,0.498
2.362,187.759,168.727,0.499
2.367,188.553,169.1,0.5
2.371,189.348,169.473,0.501
2.376,190.129,169.837,0.502
2.381,190.928,170.209,0.503
2.385,191.729,170.582,0.504
2.39,192.531,170.954,0.506
2.395,193.318,171.318,0.507
2.399,194.124,171.689,0.508
2.404,194.932,172.061,0.509
2.409,195.742,172.433,0.51
2.413,196.536,172.796,0.511
2.418,197.349,173.167,0.512
2.423,198.164,173.539,0.513
2.427,198.98,173.909,0.514
2.432,199.781,174.272,0.516
2.437,200.601,174.643,0.517
2.441,201.423,175.014,0.518
2.446,202.246,175.384,0.519
2.451,203.071,175.754,0.52
2.455,203.88,176.117,0.521
2.46,204.709,176.487,0.522
2.465,205.539,176.856,0.523
2.47,206.372,177.226,0.524
2.474,207.205,177.596,0.526
2.479,208.023,177.957,0.527
2.484,208.86,178.327,0.528
2.488,209.699,178.696,0.529
2.493,210.54,179.065,0.53
2.498,211.365,179.426,0.531
2.502,212.209,179.795,0.532
2.507,213.055,180.163,0.533
2.512,213.902,180.532,0.534
2.516,214.752,180.9,0.536
2.521,215.585,181.26,0.537
2.526,216.438,181.629,0.538
2.53,217.292,181.997,0.539
2.535,218.148,182.365,0.54
2.54,219.006,182.732,0.541
2.544,219.866,183.1,0.542
2.549,220.709,183.46,0.543
2.554,221.572,183.828,0.544
2.558,222.437,184.195,0.546
2.563,223.304,184.562,0.547
2.568,224.172,184.93,0.548
2.572,225.023,185.289,0.549
2.577,225.895,185.656,0.55
2.582,226.769,186.023,0.551
2.587,227.644,186.39,0.552
2.591,228.521,186.757,0.553
2.596,229.399,187.124,0.554
2.601,230.28,187.49,0.555
2.605,231.143,187.849,0.556
2.61,232.027,188.216,0.558
2.615,232.912,188.582,0.559
2.619,233.799,188.949,0.56
2.624,234.688,189.315,0.561
2.629,235.579,189.682,0.562
2.633,236.452,190.04,0.563
2.638,237.346,190.407,0.564
2.643,238.242,190.773,0.565
2.647,239.14,191.14,0.566
2.652,240.039,191.506,0.568
2.657,240.94,191.873,0.569
2.662,241.842,192.239,0.57
2.666,242.747,192.605,0.571
2.671,243.634,192.964,0.572
2.676,244.541,193.33,0.573
2.68,245.451,193.697,0.574
2.685,246.362,194.063,0.575
2.69,247.275,194.43,0.576
2.694,248.19,194.796,0.577
2.699,249.106,195.163,0.579
2.704,250.024,195.529,0.58
2.708,250.944,195.895,0.581
2.713,251.866,196.262,0.582
2.718,252.769,196.621,0.583
2.722,253.694,196.987,0.584
2.727,254.621,197.353,0.585
2.732,255.549,197.72,0.586
2.737,256.48,198.086,0.587
2.741,257.411,198.453,0.589
2.746,258.345,198.82,0.59
2.751,259.28,199.186,0.591
2.755,260.217,199.553,0.592
2.76,261.156,199.919,0.593
2.765,262.097,200.286,0.594
2.769,263.039,200.652,0.595
2.774,263.983,201.019,0.596
2.779,264.908,201.378,0.597
2.783,265.856,201.744,0.598
2.788,266.805,202.111,0.6
2.793,267.755,202.477,0.601
2.798,268.708,202.844,0.602
2.802,269.662,203.21,0.603
2.807,270.618,203.577,0.604
2.812,271.576,203.943,0.605
2.816,272.535,204.31,0.606
2.821,273.496,204.676,0.607
2.826,274.459,205.042,0.609
2.83,275.424,205.409,0.61
2.835,276.39,205.775,0.611
2.84,277.358,206.141,0.612
2.845,278.328,206.507,0.613
2.849,279.299,206.873,0.614
2.854,280.272,207.239,0.615
2.859,281.247,207.605,0.616
2.863,282.224,207.971,0.617
2.868,283.202,208.336,0.618
2.873,284.182,208.702,0.619
2.877,285.164,209.067,0.621
2.882,286.147,209.432,0.622
2.887,287.133,209.798,0.623
2.892,288.12,210.162,0.624
2.896,289.108,210.527,0.625
2.901,290.098,210.892,0.626
2.906,291.091,211.256,0.627
2.91,292.084,211.62,0.628
2.915,293.08,211.984,0.629
2.92,294.077,212.348,0.63
2.924,295.076,212.712,0.631
2.929,296.076,213.075,0.632
2.934,297.1,213.446,0.634
2.939,298.104,213.809,0.635
2.943,299.11,214.172,0.636
2.948,300.117,214.534,0.637
2.953,301.127,214.896,0.638
2.957,302.137,215.258,0.639
2.962,303.15,215.62,0.64
2.967,304.164,215.982,0.641
2.972,305.18,216.343,0.642
2.976,306.198,216.704,0.643
2.981,307.217,217.064,0.644
2.986,308.238,217.425,0.645
2.99,309.283,217.793,0.646
2.995,310.307,218.152,0.648
3,311.333,218.512,0.649
3.005,312.361,218.871,0.65
3.009,313.391,219.23,0.651
3.014,314.422,219.589,0.652
3.019,315.455,219.947,0.653
3.023,316.489,220.305,0.654
3.028,317.526,220.663,0.655
3.033,318.586,221.028,0.656
3.038,319.626,221.385,0.657
3.042,320.667,221.742,0.658
3.047,321.71,222.098,0.659
3.052,322.755,222.455,0.66
3.056,323.801,222.81,0.662
3.061,324.871,223.174,0.663
3.066,325.921,223.529,0.664
3.071,326.972,223.884,0.665
3.075,328.026,224.239,0.666
3.08,329.08,224.593,0.667
3.085,330.137,224.947,0.668
3.089,331.217,225.308,0.669
3.094,332.277,225.662,0.67
3.099,333.339,226.015,0.671
3.104,334.402,226.368,0.672
3.108,335.466,226.72,0.673
3.113,336.556,227.08,0.674
3.118,337.624,227.432,0.676
3.122,338.693,227.784,0.677
3.127,339.765,228.135,0.678
3.132,340.838,228.487,0.679
3.137,341.935,228.845,0.68
3.141,343.012,229.196,0.681
3.146,344.09,229.546,0.682
3.151,345.17,229.897,0.683
3.156,346.274,230.254,0.684
3.16,347.357,230.604,0.685
3.165,348.442,230.953,0.686
3.17,349.528,231.303,0.687
3.174,350.639,231.659,0.688
3.179,351.729,232.008,0.689
3.184,352.82,232.357,0.69
3.189,353.936,232.713,0.691
3.193,355.031,233.062,0.693
3.198,356.127,233.41,0.694
3.203,357.225,233.758,0.695
3.208,358.348,234.113,0.696
3.212,359.449,234.461,0.697
3.217,360.552,234.809,0.698
3.222,361.679,235.164,0.699
3.226,362.786,235.512,0.7
3.231,363.893,235.859,0.701
3.236,365.026,236.214,0.702
3.241,366.137,236.561,0.703
3.245,367.25,236.908,0.704
3.25,368.388,237.262,0.705
3.255,369.504,237.609,0.706
3.26,370.621,237.956,0.707
3.264,371.765,238.31,0.708
3.269,372.885,238.656,0.709
3.274,374.032,239.01,0.711
3.279,375.156,239.356,0.712
3.283,376.282,239.702,0.713
3.288,377.433,240.056,0.714
3.293,378.562,240.402,0.715
3.298,379.717,240.755,0.716
3.302,380.849,241.1,0.717
3.307,381.983,241.446,0.718
3.312,383.143,241.799,0.719
3.316,384.28,242.144,0.72
3.321,385.444,242.496,0.721
3.326,386.584,242.841,0.722
3.331,387.726,243.186,0.723
3.335,388.894,243.538,0.724
3.34,390.04,243.883,0.725
3.345,391.211,244.235,0.726
3.35,392.36,244.579,0.727
3.354,393.535,244.93,0.728
3.359,394.687,245.274,0.729
3.364,395.865,245.625,0.73
3.369,397.02,245.968,0.731
3.373,398.202,246.319,0.732
3.378,399.36,246.662,0.733
3.383,400.545,247.012,0.734
3.388,401.707,247.354,0.735
3.392,402.895,247.703,0.736
3.397,404.06,248.045,0.737
3.402,405.251,248.394,0.739
3.407,406.42,248.736,0.74
3.411,407.614,249.084,0.741
3.416,408.786,249.425,0.742
3.421,409.984,249.772,0.743
3.426,411.159,250.113,0.744
3.43,412.36,250.46,0.745
3.435,413.538,250.799,0.746
3.44,414.743,251.145,0.747
3.445,415.949,251.491,0.748
3.449,417.132,251.83,0.749
3.454,418.341,252.175,0.75
3.459,419.527,252.513,0.751
3.464,420.74,252.858,0.752
3.469,421.955,253.202,0.753
3.473,423.146,253.539,0.754
3.478,424.364,253.882,0.755
3.483,425.558,254.218,0.756
3.488,426.779,254.561,0.757
3.492,428.001,254.903,0.758
3.497,429.2,255.238,0.759
3.502,430.426,255.579,0.76
3.507,431.654,255.92,0.761
3.511,432.857,256.254,0.762
3.516,434.088,256.594,0.763
3.521,435.321,256.934,0.764
3.526,436.529,257.266,0.765
3.53,437.765,257.605,0.766
3.535,439.002,257.943,0.767
3.54,440.215,258.274,0.768
3.545,441.456,258.611,0.769
3.55,442.698,258.948,0.77
3.554,443.916,259.277,0.771
3.559,445.161,259.614,0.772
3.564,446.408,259.949,0.773
3.569,447.657,260.284,0.774
3.573,448.881,260.612,0.775
3.578,450.132,260.946,0.776
3.583,451.386,261.28,0.777
3.588,452.641,261.613,0.778
3.592,453.871,261.939,0.779
3.597,455.129,262.272,0.78
3.602,456.389,262.604,0.781
3.607,457.65,262.935,0.782
3.612,458.913,263.267,0.783
3.616,460.151,263.591,0.784
3.621,461.417,263.921,0.785
3.626,462.685,264.251,0.786
3.631,463.954,264.581,0.787
3.636,465.225,264.911,0.788
3.64,466.471,265.233,0.789
3.645,467.744,265.562,0.79
3.65,469.02,265.891,0.791
3.655,470.297,266.219,0.792
3.659,471.576,266.547,0.793
3.664,472.856,266.874,0.794
3.669,474.138,267.202,0.795
3.674,475.421,267.529,0.796
3.679,476.679,267.849,0.797
3.683,477.966,268.175,0.798
3.688,479.254,268.501,0.799
3.693,480.543,268.827,0.8
3.698,481.834,269.153,0.801
3.703,483.127,269.478,0.802
3.707,484.421,269.803,0.803
3.712,485.717,270.128,0.804
3.717,487.015,270.453,0.805
3.722,488.314,270.777,0.806
3.727,489.614,271.101,0.807
3.731,490.916,271.425,0.808
3.736,492.22,271.749,0.809
3.741,493.525,272.073,0.81
3.746,494.832,272.396,0.811
3.751,496.14,272.719,0.812
3.755,497.45,273.042,0.813
3.76,498.761,273.364,0.814
3.765,500.074,273.687,0.815
3.77,501.388,274.009,0.816
3.775,502.704,274.331,0.817
3.779,504.022,274.652,0.818
3.784,505.341,274.974,0.819
3.789,506.662,275.295,0.82
3.794,507.984,275.615,0.821
3.799,509.308,275.936,0.822
3.803,510.633,276.256,0.823
3.808,511.96,276.576,0.824
3.813,513.288,276.895,0.825
3.818,514.618,277.214,0.826
3.823,515.977,277.54,0.827
3.827,517.31,277.858,0.828
3.832,518.645,278.176,0.829
3.837,519.981,278.494,0.83
3.842,521.318,278.811,0.831
3.847,522.657,279.128,0.831
3.851,523.998,279.444,0.832
3.856,525.368,279.767,0.833
3.861,526.711,280.082,0.834
3.866,528.057,280.397,0.835
3.871,529.403,280.712,0.836
3.876,530.751,281.026,0.837
3.88,532.129,281.346,0.838
3.885,533.48,281.659,0.839
3.89,534.833,281.971,0.84
3.895,536.187,282.283,0.841
3.9,537.571,282.601,0.842
3.905,538.929,282.911,0.843
3.909,540.287,283.222,0.844
3.914,541.647,283.531,0.845
3.919,543.038,283.847,0.846
3.924,544.401,284.156,0.847
3.929,545.765,284.464,0.848
3.933,547.132,284.771,0.849
3.938,548.528,285.084,0.85
3.943,549.897,285.391,0.851
3.948,551.267,285.697,0.851
3.952,552.296,285.914,0.852
3.955,553.297,286.104,0.853
3.959,554.299,286.274,0.853
3.962,555.33,286.43,0.854
3.966,556.333,286.564,0.854
3.969,557.336,286.682,0.855
3.973,558.368,286.787,0.855
3.976,559.372,286.876,0.855
3.98,560.376,286.952,0.855
3.983,561.409,287.018,0.856
3.987,562.414,287.071,0.856
3.99,563.419,287.113,0.856
3.994,564.453,287.147,0.856
3.997,565.458,287.17,0.856
4.001,566.463,287.186,0.856
4.005,567.497,287.194,0.856
4.008,568.502,287.194,0.856
4.012,569.507,287.188,0.856
4.015,570.541,287.176,0.856
4.019,571.546,287.158,0.856
4.022,572.551,287.134,0.856
4.026,573.585,287.105,0.856
4.029,574.589,287.072,0.856
4.033,575.594,287.035,0.856
4.036,576.627,286.993,0.856
4.04,577.632,286.949,0.856
4.043,578.636,286.901,0.856
4.047,579.669,286.848,0.856
4.05,580.673,286.795,0.855
4.054,581.676,286.738,0.855
4.058,582.708,286.677,0.855
4.061,583.712,286.616,0.855
4.065,584.715,286.553,0.855
4.068,585.746,286.486,0.855
4.072,586.749,286.418,0.854
4.075,587.751,286.35,0.854
4.079,588.753,286.28,0.854
4.082,589.784,286.206,0.854
4.086,590.785,286.133,0.853
4.089,591.787,286.059,0.853
4.093,592.816,285.981,0.853
4.096,593.817,285.905,0.853
4.1,594.818,285.828,0.853
4.103,595.846,285.748,0.852
4.107,596.846,285.669,0.852
4.11,597.846,285.59,0.852
4.114,598.874,285.507,0.852
4.118,599.873,285.424,0.852
4.123,601.371,285.295,0.851
4.131,603.617,285.102,0.851
4.142,606.983,284.813,0.85
4.16,612.026,284.382,0.849
4.187,619.576,283.739,0.847
4.227,630.869,282.783,0.844
4.272,643.626,281.704,0.841
4.322,657.682,280.509,0.838
4.372,671.677,279.313,0.835
4.422,685.613,278.115,0.832
4.469,698.764,276.987,0.829
4.519,712.584,275.811,0.825
4.569,726.346,274.654,0.822
4.619,740.05,273.512,0.819
4.669,753.697,272.375,0.815
4.719,767.287,271.237,0.812
4.769,780.821,270.098,0.809
4.819,794.297,268.962,0.806
4.869,807.717,267.833,0.803
4.919,821.081,266.716,0.8
4.969,834.389,265.612,0.796
5.019,847.642,264.521,0.793
5.069,860.841,263.436,0.79
5.119,873.986,262.354,0.787
5.169,887.076,261.271,0.784
5.219,900.113,260.191,0.782
5.269,913.096,259.115,0.779
5.319,926.025,258.045,0.776
5.369,938.9,256.986,0.773
5.419,951.723,255.939,0.77
5.469,964.494,254.898,0.767
5.519,977.213,253.862,0.764
5.569,989.881,252.832,0.761
5.619,1002.496,251.801,0.758
5.669,1015.061,250.773,0.755
5.719,1027.574,249.75,0.752
5.769,1040.036,248.734,0.75
5.819,1052.447,247.726,0.747
5.869,1064.809,246.725,0.744
5.919,1077.12,245.73,0.741
5.969,1089.382,244.74,0.738
6.019,1101.594,243.756,0.735
6.069,1113.757,242.775,0.732
6.119,1125.872,241.797,0.729
6.169,1137.937,240.825,0.727
6.219,1149.954,239.859,0.724
6.269,1161.923,238.897,0.721
6.319,1173.844,237.94,0.719
6.369,1185.717,236.987,0.716
6.419,1197.543,236.038,0.713
6.469,1209.321,235.093,0.711
6.519,1221.052,234.152,0.708
6.569,1232.736,233.215,0.705
6.619,1244.374,232.286,0.703
6.669,1255.965,231.359,0.7
6.719,1267.51,230.436,0.697
6.769,1279.008,229.518,0.695
6.819,1290.462,228.608,0.692
6.869,1301.869,227.702,0.69
6.919,1313.232,226.8,0.687
6.969,1324.549,225.901,0.685
7.019,1335.822,225.003,0.682
7.069,1347.05,224.105,0.679
7.119,1358.232,223.21,0.677
7.169,1369.371,222.321,0.674
7.219,1380.465,221.44,0.672
7.269,1391.515,220.565,0.669
7.319,1402.521,219.695,0.667
7.369,1413.484,218.828,0.665
7.419,1424.404,217.964,0.662
7.469,1435.281,217.101,0.66
7.519,1446.114,216.241,0.657
7.569,1456.905,215.384,0.655
7.619,1467.653,214.529,0.653
7.669,1478.358,213.675,0.65
7.719,1489.02,212.825,0.648
7.769,1499.64,211.981,0.646
7.819,1510.218,211.142,0.643
7.869,1520.755,210.308,0.641
7.919,1531.249,209.479,0.639
7.969,1541.703,208.652,0.636
8.019,1552.115,207.826,0.634
8.069,1562.485,207.001,0.631
8.119,1572.815,206.177,0.629
8.169,1583.103,205.357,0.626
8.219,1593.351,204.544,0.624
8.269,1603.558,203.738,0.622
8.319,1613.724,202.935,0.62
8.369,1623.851,202.134,0.618
8.419,1633.938,201.334,0.615
8.469,1643.984,200.534,0.613
8.519,1653.991,199.734,0.611
8.569,1663.958,198.937,0.609
8.619,1673.885,198.141,0.606
8.669,1683.772,197.351,0.604
8.719,1693.62,196.566,0.602
8.769,1703.429,195.785,0.6
8.819,1713.199,195.01,0.598
8.869,1722.93,194.238,0.595
8.919,1732.622,193.468,0.593
8.969,1742.277,192.699,0.591
9.019,1751.892,191.931,0.589
9.069,1761.47,191.164,0.587
9.119,1771.009,190.397,0.585
9.169,1780.509,189.632,0.582
9.219,1789.972,188.868,0.58
9.269,1799.396,188.108,0.578
9.319,1808.783,187.351,0.575
9.369,1818.132,186.6,0.573
9.419,1827.443,185.854,0.571
9.469,1836.717,185.114,0.569
9.519,1845.954,184.377,0.567
9.569,1855.155,183.644,0.565
9.619,1864.319,182.911,0.563
9.669,1873.446,182.177,0.56
9.719,1882.536,181.442,0.559
9.769,1891.59,180.708,0.557
9.819,1900.607,179.974,0.554
9.869,1909.587,179.24,0.552
9.919,1918.531,178.507,0.55
9.969,1927.438,177.779,0.548
10.019,1936.309,177.056,0.546
10.069,1945.144,176.338,0.544
10.119,1953.943,175.624,0.542
10.169,1962.706,174.915,0.54
10.219,1971.435,174.209,0.538
10.269,1980.127,173.504,0.536
10.319,1988.785,172.799,0.534
10.369,1997.407,172.094,0.532
10.419,2005.994,171.391,0.53
10.469,2014.546,170.687,0.528
10.519,2023.063,169.985,0.526
10.569,2031.545,169.285,0.524
10.619,2039.992,168.587,0.522
10.669,2048.404,167.89,0.52
10.719,2056.781,167.196,0.518
10.769,2065.123,166.505,0.516
10.819,2073.431,165.817,0.514
10.869,2081.705,165.131,0.512
10.919,2089.944,164.446,0.51
10.969,2098.15,163.763,0.508
11.019,2106.321,163.084,0.507
11.069,2114.458,162.407,0.505
11.119,2122.561,161.731,0.503
11.169,2130.631,161.057,0.501
11.219,2138.667,160.384,0.499
11.269,2146.67,159.712,0.497
11.319,2154.638,159.041,0.495
11.369,2162.574,158.371,0.494
11.419,2170.476,157.704,0.492
11.469,2178.344,157.037,0.49
11.519,2186.179,156.37,0.488
11.569,2193.981,155.704,0.486
11.619,2201.75,155.04,0.484
11.669,2209.485,154.379,0.483
11.719,2217.188,153.72,0.481
11.769,2224.857,153.064,0.479
11.819,2232.494,152.409,0.477
11.869,2240.098,151.756,0.475
11.919,2247.67,151.106,0.473
11.969,2255.209,150.459,0.471
12.019,2262.716,149.812,0.47
12.069,2270.19,149.167,0.468
12.119,2277.632,148.523,0.466
12.169,2285.042,147.88,0.464
12.219,2292.42,147.238,0.462
12.269,2299.766,146.596,0.46
12.319,2307.08,145.956,0.459
12.369,2314.362,145.317,0.457
12.419,2321.612,144.679,0.455
12.469,2328.83,144.043,0.453
12.519,2336.016,143.408,0.452
12.569,2343.171,142.775,0.45
12.619,2350.294,142.144,0.448
12.669,2357.385,141.513,0.446
12.719,2364.445,140.883,0.444
12.769,2371.473,140.254,0.442
12.819,2378.47,139.627,0.441
12.869,2385.436,139.002,0.439
12.919,2392.371,138.379,0.437
12.969,2399.274,137.756,0.435
13.019,2406.146,137.137,0.434
13.069,2412.988,136.52,0.432
13.119,2419.798,135.905,0.43
13.169,2426.578,135.29,0.428
13.219,2433.327,134.676,0.426
13.269,2440.046,134.063,0.425
13.319,2446.734,133.452,0.423
13.369,2453.391,132.842,0.421
13.419,2460.018,132.231,0.42
13.469,2466.614,131.621,0.418
13.519,2473.18,131.012,0.416
13.569,2479.715,130.403,0.415
13.619,2486.22,129.795,0.413
13.669,2492.695,129.188,0.411
13.719,2499.139,128.582,0.41
13.769,2505.553,127.978,0.408
13.819,2511.937,127.376,0.406
13.869,2518.291,126.777,0.405
13.919,2524.615,126.178,0.403
13.969,2530.909,125.581,0.401
14.019,2537.173,124.985,0.4
14.069,2543.407,124.39,0.398
14.119,2549.612,123.797,0.396
14.169,2555.787,123.203,0.395
14.219,2561.932,122.61,0.393
14.269,2568.048,122.017,0.391
14.319,2574.134,121.427,0.39
14.369,2580.19,120.838,0.388
14.419,2586.218,120.249,0.386
14.469,2592.215,119.66,0.385
14.519,2598.184,119.072,0.383
14.569,2604.122,118.485,0.381
14.619,2610.032,117.897,0.379
14.669,2615.912,117.311,0.378
14.719,2621.763,116.727,0.376
14.769,2627.585,116.145,0.375
14.819,2633.378,115.564,0.373
14.869,2639.141,114.985,0.371
14.919,2644.876,114.408,0.37
14.969,2650.582,113.832,0.368
15.019,2656.259,113.258,0.367
15.069,2661.908,112.686,0.365
15.119,2667.528,112.114,0.364
15.169,2673.119,111.544,0.362
15.219,2678.682,110.972,0.36
15.269,2684.217,110.399,0.358
15.319,2689.722,109.826,0.357
15.369,2695.199,109.253,0.355
15.419,2700.648,108.681,0.354
15.469,2706.067,108.11,0.352
15.519,2711.459,107.54,0.351
15.569,2716.821,106.97,0.349
15.619,2722.156,106.403,0.348
15.669,2727.462,105.837,0.346
15.719,2732.739,105.272,0.345
15.769,2737.989,104.706,0.343
15.819,2743.21,104.14,0.341
15.869,2748.403,103.574,0.339
15.919,2753.567,103.009,0.338
15.969,2758.704,102.448,0.336
16.019,2763.812,101.889,0.335
16.069,2768.893,101.331,0.334
16.119,2773.945,100.775,0.332
16.169,2778.97,100.222,0.331
16.219,2783.967,99.668,0.329
16.269,2788.937,99.115,0.327
16.319,2793.879,98.563,0.326
16.369,2798.793,98.011,0.324
16.419,2803.68,97.46,0.323
16.469,2808.539,96.908,0.321
16.519,2813.371,96.356,0.319
16.569,2818.175,95.802,0.318
16.619,2822.951,95.249,0.316
16.669,2827.7,94.695,0.314
16.719,2832.421,94.142,0.313
16.769,2837.114,93.589,0.312
16.819,2841.78,93.038,0.31
16.869,2846.418,92.488,0.309
16.919,2851.028,91.938,0.307
16.969,2855.612,91.388,0.305
17.019,2860.167,90.84,0.303
17.069,2864.696,90.292,0.302
17.119,2869.197,89.747,0.3
17.169,2873.67,89.203,0.299
17.219,2878.117,88.66,0.297
17.269,2882.536,88.119,0.296
17.319,2886.929,87.579,0.294
17.369,2891.294,87.041,0.293
17.419,2895.633,86.504,0.291
17.469,2899.945,85.968,0.29
17.519,2904.23,85.433,0.288
17.569,2908.488,84.899,0.287
17.619,2912.72,84.366,0.285
17.669,2916.925,83.833,0.284
17.719,2921.103,83.3,0.282
17.769,2925.255,82.767,0.281
17.819,2929.38,82.235,0.28
17.869,2933.478,81.702,0.278
17.919,2937.55,81.17,0.277
17.969,2941.595,80.638,0.276
18.019,2945.614,80.106,0.274
18.069,2949.606,79.574,0.273
18.119,2953.571,79.042,0.272
18.169,2957.51,78.51,0.271
18.219,2961.422,77.978,0.269
18.269,2965.308,77.445,0.268
18.319,2969.167,76.912,0.266
18.369,2972.999,76.379,0.265
18.419,2976.805,75.845,0.263
18.469,2980.583,75.312,0.262
18.519,2984.336,74.78,0.261
18.569,2988.061,74.248,0.259
18.619,2991.761,73.716,0.257
18.669,2995.433,73.185,0.256
18.719,2999.079,72.654,0.254
18.769,3002.698,72.124,0.253
18.819,3006.291,71.595,0.252
18.869,3009.858,71.069,0.251
18.919,3013.398,70.545,0.25
18.969,3016.913,70.023,0.248
19.019,3020.401,69.502,0.247
19.069,3023.863,68.982,0.245
19.119,3027.299,68.464,0.244
19.169,3030.709,67.947,0.243
19.219,3034.094,67.431,0.241
19.269,3037.452,66.915,0.24
19.319,3040.785,66.399,0.239
19.369,3044.092,65.885,0.237
19.419,3047.374,65.371,0.236
19.469,3050.629,64.856,0.234
19.519,3053.859,64.342,0.233
19.569,3057.064,63.828,0.232
19.619,3060.242,63.313,0.23
19.669,3063.395,62.798,0.229
19.719,3066.522,62.283,0.228
19.769,3069.623,61.767,0.226
19.819,3072.699,61.251,0.225
19.869,3075.748,60.735,0.224
19.919,3078.772,60.22,0.223
19.969,3081.77,59.705,0.222
20.019,3084.743,59.19,0.221
20.069,3087.689,58.676,0.22
20.119,3090.61,58.162,0.219
20.169,3093.505,57.647,0.217
20.219,3096.375,57.133,0.216
20.269,3099.219,56.617,0.214
20.319,3102.037,56.102,0.213
20.369,3104.829,55.586,0.212
20.419,3107.595,55.07,0.21
20.469,3110.336,54.555,0.209
20.519,3113.051,54.039,0.207
20.569,3115.74,53.524,0.206
20.619,3118.403,53.011,0.206
20.669,3121.041,52.499,0.205
20.719,3123.653,51.988,0.203
20.769,3126.24,51.478,0.203
20.819,3128.801,50.969,0.201
20.869,3131.337,50.461,0.2
20.919,3133.847,49.954,0.199
20.969,3136.332,49.448,0.198
21.019,3138.792,48.943,0.197
21.069,3141.226,48.439,0.196
21.119,3143.636,47.935,0.195
21.169,3146.02,47.433,0.194
21.219,3148.379,46.932,0.193
21.269,3150.713,46.431,0.192
21.319,3153.022,45.93,0.19
21.369,3155.306,45.429,0.189
21.419,3157.565,44.928,0.188
21.469,3159.799,44.427,0.187
21.519,3162.008,43.926,0.186
21.569,3164.192,43.426,0.185
21.619,3166.35,42.926,0.184
21.669,3168.484,42.425,0.182
21.719,3170.593,41.924,0.181
21.769,3172.677,41.422,0.18
21.819,3174.735,40.92,0.179
21.869,3176.769,40.418,0.178
21.919,3178.777,39.916,0.177
21.969,3180.76,39.415,0.176
22.019,3182.719,38.913,0.174
22.069,3184.652,38.411,0.173
22.119,3186.56,37.909,0.172
22.169,3188.442,37.406,0.171
22.219,3190.3,36.903,0.17
22.269,3192.133,36.401,0.168
22.319,3193.94,35.898,0.167
22.369,3195.723,35.396,0.166
22.419,3197.48,34.894,0.165
22.469,3199.212,34.392,0.164
22.519,3200.919,33.89,0.163
22.569,3202.601,33.389,0.163
22.619,3204.258,32.889,0.162
22.669,3205.89,32.39,0.161
22.719,3207.497,31.891,0.16
22.769,3209.079,31.392,0.159
22.819,3210.636,30.894,0.158
22.869,3212.168,30.396,0.157
22.919,3213.676,29.899,0.156
22.969,3215.158,29.402,0.155
23.019,3216.616,28.906,0.154
23.069,3218.049,28.411,0.154
23.119,3219.457,27.916,0.153
23.169,3220.841,27.422,0.152
23.219,3222.199,26.929,0.151
23.269,3223.533,26.436,0.15
23.319,3224.843,25.943,0.149
23.369,3226.128,25.45,0.149
23.419,3227.388,24.959,0.148
23.469,3228.624,24.467,0.146
23.519,3229.835,23.975,0.146
23.569,3231.021,23.483,0.145
23.619,3232.183,22.993,0.145
23.669,3233.32,22.502,0.144
23.719,3234.433,22.012,0.143
23.769,3235.521,21.522,0.143
23.819,3236.585,21.033,0.142
23.869,3237.625,20.543,0.142
23.919,3238.64,20.054,0.141
23.969,3239.63,19.565,0.14
24.019,3240.596,19.076,0.139
24.069,3241.538,18.586,0.138
24.119,3242.455,18.097,0.137
24.169,3243.347,17.607,0.137
24.219,3244.216,17.118,0.137
24.269,3245.059,16.629,0.137
24.319,3245.878,16.14,0.136
24.369,3246.673,15.652,0.136
24.419,3247.444,15.163,0.136
24.469,3248.19,14.675,0.135
24.519,3248.911,14.186,0.135
24.569,3249.608,13.698,0.135
24.619,3250.281,13.209,0.135
24.669,3250.929,12.721,0.135
24.719,3251.553,12.232,0.135
24.769,3252.152,11.744,0.134
24.819,3252.727,11.255,0.134
24.869,3253.278,10.766,0.134
24.919,3253.804,10.277,0.133
24.969,3254.305,9.787,0.132
25.019,3254.783,9.297,0.131
25.069,3255.235,8.806,0.13
25.119,3255.663,8.316,0.129
25.169,3256.067,7.825,0.129
25.219,3256.446,7.334,0.129
25.269,3256.8,6.843,0.129
25.319,3257.13,6.352,0.129
25.369,3257.435,5.861,0.129
25.419,3257.716,5.37,0.129
25.469,3257.972,4.879,0.129
25.519,3258.204,4.388,0.128
25.569,3258.411,3.897,0.128
25.619,3258.593,3.405,0.127
25.669,3258.751,2.915,0.127
25.719,3258.885,2.424,0.127
25.769,3258.994,1.933,0.127
25.819,3259.078,1.443,0.128
25.869,3259.138,0.952,0.128
25.919,3259.173,0.462,0.128
25.969,3259.184,-0.028,0.127
26.019,3259.171,-0.518,0.127
26.059,3259.143,-0.892,0.124
26.1,3259.098,-1.273,0.122
26.142,3259.036,-1.662,0.118
26.188,3258.951,-2.067,0.114
26.236,3258.842,-2.487,0.111
26.286,3258.706,-2.917,0.108
26.339,3258.539,-3.362,0.106
26.394,3258.342,-3.813,0.103
26.452,3258.109,-4.277,0.1
26.513,3257.834,-4.756,0.098
26.576,3257.518,-5.245,0.096
26.641,3257.158,-5.741,0.094
26.71,3256.75,-6.244,0.092
26.78,3256.291,-6.755,0.09
26.854,3255.776,-7.275,0.088
26.93,3255.198,-7.807,0.088
27.009,3254.566,-8.336,0.086
27.091,3253.859,-8.881,0.084
27.176,3253.076,-9.435,0.082
27.265,3252.208,-10.004,0.081
27.358,3251.252,-10.582,0.078
27.456,3250.184,-11.183,0.077
27.559,3249.005,-11.799,0.075
27.667,3247.696,-12.436,0.073
27.78,3246.259,-13.083,0.073
27.896,3244.697,-13.732,0.073
28.016,3243.01,-14.376,0.072
28.142,3241.159,-15.035,0.071
28.274,3239.126,-15.708,0.07
28.413,3236.895,-16.394,0.07
28.558,3234.478,-17.074,0.071
28.707,3231.878,-17.738,0.07
28.865,3229.031,-18.41,0.071
29.028,3225.965,-19.063,0.072
29.2,3222.637,-19.707,0.071
29.385,3218.926,-20.372,0.071
29.587,3214.745,-21.063,0.072
29.797,3210.249,-21.702,0.072
30.031,3205.105,-22.367,0.073
30.289,3199.239,-23.033,0.075
30.562,3192.871,-23.626,0.075
30.865,3185.631,-24.196,0.076
31.209,3177.211,-24.749,0.077
31.604,3167.33,-25.266,0.078
32.048,3156.004,-25.709,0.079
32.548,3143.059,-26.071,0.08
33.048,3129.96,-26.326,0.08
33.548,3116.751,-26.51,0.08
34.048,3103.461,-26.647,0.08
34.548,3090.115,-26.738,0.081
35.048,3076.734,-26.787,0.081
35.548,3063.333,-26.818,0.081
36.048,3049.921,-26.828,0.081
36.548,3036.506,-26.832,0.081
37.048,3023.09,-26.831,0.081
37.548,3009.676,-26.827,0.081
38.048,2996.265,-26.818,0.081
38.548,2982.859,-26.806,0.081
39.048,2969.46,-26.789,0.081
39.548,2956.069,-26.775,0.08
40.048,2942.685,-26.76,0.08
40.548,2929.309,-26.744,0.08
41.048,2915.941,-26.728,0.08
41.548,2902.581,-26.712,0.08
42.048,2889.229,-26.695,0.08
42.548,2875.886,-26.678,0.08
43.048,2862.552,-26.66,0.08
43.548,2849.226,-26.643,0.08
44.048,2835.909,-26.625,0.08
44.548,2822.6,-26.608,0.08
45.048,2809.301,-26.591,0.08
45.548,2796.01,-26.573,0.08
46.048,2782.728,-26.555,0.08
46.548,2769.455,-26.538,0.08
47.048,2756.19,-26.521,0.08
47.548,2742.934,-26.504,0.079
48.048,2729.687,-26.486,0.079
48.548,2716.448,-26.469,0.079
49.048,2703.218,-26.452,0.079
49.548,2689.997,-26.432,0.079
50.048,2676.785,-26.416,0.079
50.548,2663.581,-26.398,0.079
51.048,2650.386,-26.382,0.079
51.548,2637.199,-26.366,0.079
52.048,2624.02,-26.35,0.079
52.548,2610.85,-26.332,0.079
53.048,2597.687,-26.316,0.079
53.548,2584.534,-26.299,0.079
54.048,2571.388,-26.283,0.079
54.548,2558.25,-26.268,0.079
55.048,2545.121,-26.251,0.078
55.548,2531.999,-26.235,0.078
56.048,2518.886,-26.218,0.078
56.548,2505.781,-26.202,0.078
57.048,2492.684,-26.186,0.078
57.548,2479.594,-26.17,0.078
58.048,2466.513,-26.154,0.078
58.548,2453.441,-26.135,0.078
59.048,2440.377,-26.118,0.078
59.548,2427.322,-26.104,0.078
60.048,2414.275,-26.086,0.078
60.548,2401.236,-26.069,0.078
61.048,2388.205,-26.054,0.078
61.548,2375.182,-26.039,0.078
62.048,2362.166,-26.023,0.078
62.548,2349.159,-26.007,0.078
63.048,2336.159,-25.991,0.077
63.548,2323.168,-25.975,0.077
64.048,2310.185,-25.957,0.077
64.548,2297.21,-25.941,0.077
65.048,2284.244,-25.925,0.077
65.548,2271.285,-25.909,0.077
66.048,2258.335,-25.893,0.077
66.548,2245.392,-25.875,0.077
67.048,2232.459,-25.86,0.077
67.548,2219.533,-25.844,0.077
68.048,2206.615,-25.828,0.077
68.548,2193.705,-25.812,0.077
69.048,2180.803,-25.796,0.077
69.548,2167.909,-25.779,0.077
70.048,2155.024,-25.764,0.077
70.548,2142.146,-25.748,0.077
71.048,2129.276,-25.732,0.077
71.548,2116.413,-25.717,0.076
72.048,2103.559,-25.7,0.076
72.548,2090.713,-25.685,0.076
73.048,2077.874,-25.669,0.076
73.548,2065.044,-25.654,0.076
74.048,2052.221,-25.638,0.076
74.548,2039.405,-25.623,0.076
75.048,2026.598,-25.608,0.076
75.548,2013.797,-25.593,0.076
76.048,2001.005,-25.578,0.076
76.548,1988.22,-25.562,0.076
77.048,1975.443,-25.547,0.076
77.548,1962.673,-25.532,0.076
78.048,1949.911,-25.517,0.076
78.548,1937.156,-25.502,0.076
79.048,1924.408,-25.487,0.076
79.548,1911.669,-25.472,0.076
80.048,1898.936,-25.457,0.075
80.548,1886.212,-25.442,0.075
81.048,1873.495,-25.426,0.075
81.548,1860.786,-25.41,0.075
82.048,1848.085,-25.395,0.075
82.548,1835.392,-25.379,0.075
83.048,1822.706,-25.363,0.075
83.548,1810.028,-25.348,0.075
84.048,1797.358,-25.333,0.075
84.548,1784.696,-25.317,0.075
85.048,1772.041,-25.302,0.075
85.548,1759.394,-25.285,0.075
86.048,1746.756,-25.27,0.075
86.548,1734.124,-25.255,0.075
87.048,1721.501,-25.24,0.075
87.548,1708.884,-25.225,0.075
88.048,1696.275,-25.21,0.075
88.548,1683.674,-25.196,0.074
89.048,1671.08,-25.181,0.074
89.548,1658.493,-25.166,0.074
90.048,1645.914,-25.151,0.074
90.548,1633.342,-25.136,0.074
91.048,1620.778,-25.121,0.074
91.548,1608.221,-25.107,0.074
92.048,1595.671,-25.092,0.074
92.548,1583.129,-25.078,0.074
93.048,1570.594,-25.063,0.074
93.548,1558.066,-25.048,0.074
94.048,1545.546,-25.034,0.074
94.548,1533.033,-25.019,0.074
95.048,1520.526,-25.005,0.074
95.548,1508.028,-24.99,0.074
96.048,1495.536,-24.976,0.074
96.548,1483.052,-24.962,0.074
97.048,1470.575,-24.947,0.074
97.548,1458.105,-24.932,0.073
98.048,1445.642,-24.919,0.073
98.548,1433.186,-24.905,0.073
99.048,1420.738,-24.89,0.073
99.548,1408.296,-24.876,0.073
100.048,1395.862,-24.86,0.073
100.548,1383.436,-24.844,0.073
101.048,1371.017,-24.831,0.073
101.548,1358.605,-24.817,0.073
102.048,1346.2,-24.803,0.073
102.548,1333.803,-24.788,0.073
103.048,1321.412,-24.774,0.073
103.548,1309.029,-24.759,0.073
104.048,1296.653,-24.743,0.073
104.548,1284.285,-24.728,0.073
105.048,1271.924,-24.715,0.073
105.548,1259.571,-24.701,0.073
106.048,1247.224,-24.686,0.073
106.548,1234.884,-24.672,0.072
107.048,1222.552,-24.658,0.072
107.548,1210.226,-24.644,0.072
108.048,1197.907,-24.63,0.072
108.548,1185.596,-24.614,0.072
109.048,1173.293,-24.6,0.072
109.548,1160.996,-24.587,0.072
110.048,1148.706,-24.573,0.072
110.548,1136.423,-24.559,0.072
111.048,1124.147,-24.545,0.072
111.548,1111.878,-24.532,0.072
112.048,1099.616,-24.517,0.072
112.548,1087.361,-24.504,0.072
113.048,1075.112,-24.489,0.072
113.548,1062.871,-24.475,0.072
114.048,1050.637,-24.462,0.072
114.548,1038.409,-24.448,0.072
115.048,1026.188,-24.435,0.072
115.548,1013.974,-24.421,0.072
116.048,1001.767,-24.406,0.071
116.548,989.568,-24.393,0.071
117.048,977.374,-24.38,0.071
117.548,965.187,-24.367,0.071
118.048,953.008,-24.351,0.071
118.548,940.835,-24.338,0.071
119.048,928.67,-24.325,0.071
119.548,916.511,-24.312,0.071
120.048,904.358,-24.297,0.071
120.548,892.213,-24.284,0.071
121.048,880.074,-24.272,0.071
121.548,867.942,-24.258,0.071
122.048,855.817,-24.244,0.071
122.548,843.699,-24.228,0.071
123.048,831.588,-24.216,0.071
123.548,819.483,-24.203,0.071
124.048,807.385,-24.19,0.071
124.548,795.293,-24.177,0.071
125.048,783.209,-24.161,0.071
125.548,771.132,-24.147,0.071
126.048,759.062,-24.133,0.07
126.548,746.998,-24.121,0.07
127.048,734.941,-24.106,0.07
127.548,722.892,-24.092,0.07
128.048,710.849,-24.081,0.07
128.548,698.812,-24.067,0.07
129.048,686.782,-24.054,0.07
129.548,674.758,-24.041,0.07
130.048,662.741,-24.028,0.07
130.548,650.73,-24.015,0.07
131.048,638.726,-24.002,0.07
131.548,626.728,-23.989,0.07
132.048,614.737,-23.976,0.07
132.548,602.753,-23.962,0.07
133.048,590.775,-23.949,0.07
133.548,578.803,-23.937,0.07
134.048,566.838,-23.924,0.07
134.548,554.879,-23.911,0.07
135.048,542.927,-23.898,0.07
135.548,530.982,-23.883,0.07
136.048,519.045,-23.865,0.069
136.548,507.115,-23.855,0.069
137.048,495.19,-23.844,0.069
137.548,483.27,-23.833,0.069
138.048,471.357,-23.82,0.069
138.548,459.451,-23.804,0.069
139.048,447.553,-23.791,0.069
139.049,447.529,-23.791,0.069
139.067,447.11,-22.791,0.066
139.087,446.667,-21.791,0.063
139.109,446.195,-20.791,0.06
139.134,445.691,-19.791,0.058
139.162,445.148,-18.791,0.055
139.195,444.559,-17.791,0.052
139.232,443.914,-16.791,0.049
139.276,443.201,-15.791,0.046
139.328,442.399,-14.792,0.043
139.392,441.48,-13.792,0.04
139.474,440.393,-12.792,0.037
139.583,439.05,-11.793,0.034
139.742,437.263,-10.793,0.031
140.011,434.487,-9.795,0.029
140.452,430.299,-9.201,0.027
140.922,425.985,-9.19,0.027
141.391,421.669,-9.188,0.027
141.861,417.356,-9.186,0.027
142.33,413.044,-9.184,0.027
142.799,408.735,-9.179,0.027
143.269,404.425,-9.181,0.027
143.738,400.119,-9.179,0.027
144.207,395.814,-9.177,0.027
144.676,391.513,-9.165,0.027
145.145,387.21,-9.171,0.027
145.614,382.91,-9.171,0.027
146.083,378.612,-9.17,0.027
146.552,374.316,-9.168,0.027
147.02,370.023,-9.157,0.027
147.489,365.73,-9.158,0.027
147.957,361.439,-9.153,0.027
148.426,357.148,-9.161,0.027
148.894,352.86,-9.159,0.027
149.362,348.574,-9.156,0.027
149.83,344.293,-9.141,0.027
150.299,340.008,-9.152,0.027
150.799,335.432,-9.152,0.027
151.266,331.154,-9.145,0.027
151.734,326.877,-9.142,0.027
152.202,322.6,-9.145,0.027
152.669,318.331,-9.124,0.026
153.137,314.054,-9.143,0.027
153.605,309.784,-9.138,0.027
154.072,305.514,-9.139,0.027
154.539,301.253,-9.111,0.026
155.007,296.981,-9.135,0.027
155.474,292.72,-9.122,0.026
155.941,288.455,-9.132,0.027
156.408,284.197,-9.121,0.027
156.875,279.937,-9.123,0.026
157.341,275.679,-9.126,0.027
157.808,271.424,-9.121,0.026
158.274,267.17,-9.119,0.026
158.741,262.917,-9.121,0.027
159.207,258.668,-9.111,0.026
159.673,254.418,-9.117,0.027
160.139,250.173,-9.105,0.026
160.605,245.925,-9.114,0.026
161.071,241.682,-9.108,0.026
161.537,237.438,-9.111,0.026
162.002,233.198,-9.109,0.027
162.468,228.963,-9.089,0.026
162.934,224.721,-9.105,0.026
163.399,220.486,-9.103,0.026
163.864,216.251,-9.102,0.026
164.329,212.019,-9.1,0.026
164.794,207.788,-9.098,0.026
165.259,203.559,-9.096,0.026
165.724,199.331,-9.095,0.026
166.189,195.105,-9.093,0.026
166.653,190.881,-9.091,0.026
167.118,186.659,-9.085,0.026
167.583,182.438,-9.082,0.026
168.047,178.218,-9.086,0.026
168.512,174,-9.084,0.026
168.976,169.783,-9.083,0.026
169.44,165.57,-9.076,0.026
169.904,161.356,-9.078,0.026
170.368,157.145,-9.075,0.026
170.832,152.934,-9.076,0.026
171.296,148.727,-9.068,0.026
171.76,144.52,-9.072,0.026
172.223,140.314,-9.071,0.026
172.687,136.112,-9.065,0.026
173.15,131.909,-9.067,0.026
173.613,127.709,-9.066,0.026
174.077,123.511,-9.06,0.026
174.54,119.314,-9.06,0.026
175.003,115.118,-9.059,0.026
175.466,110.924,-9.058,0.026
175.929,106.732,-9.054,0.026
176.392,102.541,-9.051,0.026
176.855,98.351,-9.053,0.026
177.317,94.163,-9.052,0.026
177.78,89.981,-9.035,0.026
178.243,85.793,-9.048,0.026
178.705,81.61,-9.045,0.026
179.168,77.431,-9.034,0.026
179.63,73.249,-9.041,0.026
180.093,69.071,-9.039,0.026
180.555,64.894,-9.036,0.026
181.017,60.719,-9.035,0.026
181.479,56.545,-9.037,0.026
181.941,52.373,-9.034,0.026
182.402,48.203,-9.031,0.026
182.864,44.033,-9.032,0.026
183.325,39.867,-9.024,0.026
183.787,35.7,-9.028,0.026
184.248,31.537,-9.022,0.026
184.71,27.373,-9.023,0.026
185.171,23.214,-9.013,0.026
185.633,19.052,-9.02,0.026
186.094,14.895,-9.013,0.026
186.555,10.738,-9.015,0.026
187.016,6.583,-9.01,0.026
187.477,2.428,-9.014,0.026
187.746,0,-9.012,0.026
